{"textures":{"0":"modelengine:entity/xmastree"},"elements":[{"from":[3.414122,7.3077927,3.1545439],"to":[3.414122,12.4993515,12.4993515],"faces":{"east":{"uv":[5.25,7.5,6.375,8.125],"tintindex":0,"rotation":0,"texture":"#0"},"west":{"uv":[9.375,3.75,10.5,4.375],"tintindex":0,"rotation":0,"texture":"#0"}},"rotation":{"origin":[8.0,8.0,8.0],"angle":-22.5,"axis":"z"}},{"from":[12.931982,7.3077927,3.1545439],"to":[12.931982,12.4993515,12.4993515],"faces":{"east":{"uv":[9.375,4.375,10.5,5.0],"tintindex":0,"rotation":0,"texture":"#0"},"west":{"uv":[9.375,5.0,10.5,5.625],"tintindex":0,"rotation":0,"texture":"#0"}},"rotation":{"origin":[8.0,8.0,8.0],"angle":22.5,"axis":"z"}},{"from":[3.500648,7.3077927,12.585878],"to":[12.845456,12.4993515,12.585878],"faces":{"south":{"uv":[9.375,7.5,10.5,8.125],"tintindex":0,"rotation":0,"texture":"#0"},"north":{"uv":[9.375,6.875,10.5,7.5],"tintindex":0,"rotation":0,"texture":"#0"}},"rotation":{"origin":[8.0,8.0,8.0],"angle":-22.5,"axis":"x"}},{"from":[3.500648,7.3077927,3.414122],"to":[12.845456,12.4993515,3.414122],"faces":{"south":{"uv":[9.375,6.25,10.5,6.875],"tintindex":0,"rotation":0,"texture":"#0"},"north":{"uv":[9.375,5.625,10.5,6.25],"tintindex":0,"rotation":0,"texture":"#0"}},"rotation":{"origin":[8.0,8.0,8.0],"angle":22.5,"axis":"x"}}],"display":{"gui":{"rotation":[30,225,0]}}}