{"textures":{"0":"modelengine:entity/xmastree"},"elements":[{"from":[1.1827998,6.9512005,1.0517001],"to":[15.3416,14.8172,1.0517001],"faces":{"south":{"uv":[3.5,8.875,5.25,9.875],"tintindex":0,"rotation":0,"texture":"#0"},"north":{"uv":[1.75,8.875,3.5,9.875],"tintindex":0,"rotation":0,"texture":"#0"}},"rotation":{"origin":[8.0,8.0,8.0],"angle":22.5,"axis":"x"}},{"from":[15.4727,6.9512005,0.65840006],"to":[15.4727,14.8172,14.8172],"faces":{"east":{"uv":[8.75,8.25,10.5,9.25],"tintindex":0,"rotation":0,"texture":"#0"},"west":{"uv":[0.0,8.875,1.75,9.875],"tintindex":0,"rotation":0,"texture":"#0"}},"rotation":{"origin":[8.0,8.0,8.0],"angle":22.5,"axis":"z"}},{"from":[1.1827998,6.9512005,14.948299],"to":[15.3416,14.8172,14.948299],"faces":{"south":{"uv":[7.0,9.25,8.75,10.25],"tintindex":0,"rotation":0,"texture":"#0"},"north":{"uv":[5.25,9.25,7.0,10.25],"tintindex":0,"rotation":0,"texture":"#0"}},"rotation":{"origin":[8.0,8.0,8.0],"angle":-22.5,"axis":"x"}},{"from":[1.0517001,6.9512005,0.65840006],"to":[1.0517001,14.8172,14.8172],"faces":{"east":{"uv":[5.25,8.25,7.0,9.25],"tintindex":0,"rotation":0,"texture":"#0"},"west":{"uv":[7.0,8.25,8.75,9.25],"tintindex":0,"rotation":0,"texture":"#0"}},"rotation":{"origin":[8.0,8.0,8.0],"angle":-22.5,"axis":"z"}}],"display":{"gui":{"rotation":[30,225,0]}}}