{"textures":{"0":"modelengine:entity/santa"},"elements":[{"from":[6.7204394,-3.8979795,21.630388],"to":[7.712439,2.8440187,25.622389],"faces":{"east":{"uv":[10.25,6.0,10.75,6.875],"tintindex":0,"rotation":0,"texture":"#0"},"south":{"uv":[2.125,10.75,2.25,11.625],"tintindex":0,"rotation":0,"texture":"#0"},"north":{"uv":[10.625,10.0,10.75,10.875],"tintindex":0,"rotation":0,"texture":"#0"},"west":{"uv":[0.0,10.375,0.5,11.25],"tintindex":0,"rotation":0,"texture":"#0"},"up":{"uv":[10.25,5.75,10.125,5.25],"tintindex":0,"rotation":0,"texture":"#0"},"down":{"uv":[7.125,10.75,7.0,11.25],"tintindex":0,"rotation":0,"texture":"#0"}},"rotation":{"origin":[1.0,-27.0,8.0],"angle":-22.5,"axis":"x"}},{"from":[6.719439,-3.8989794,-9.623388],"to":[7.7134395,2.8450186,-5.6293874],"faces":{"east":{"uv":[0.5,10.375,1.0,11.25],"tintindex":0,"rotation":0,"texture":"#0"},"south":{"uv":[2.375,10.75,2.5,11.625],"tintindex":0,"rotation":0,"texture":"#0"},"north":{"uv":[2.25,10.75,2.375,11.625],"tintindex":0,"rotation":0,"texture":"#0"},"west":{"uv":[1.0,10.375,1.5,11.25],"tintindex":0,"rotation":0,"texture":"#0"},"up":{"uv":[7.25,11.25,7.125,10.75],"tintindex":0,"rotation":0,"texture":"#0"},"down":{"uv":[10.875,7.125,10.75,7.625],"tintindex":0,"rotation":0,"texture":"#0"}},"rotation":{"origin":[1.0,-27.0,8.0],"angle":22.5,"axis":"x"}},{"from":[6.7164392,5.0980186,14.626388],"to":[7.7164392,7.0980186,21.626389],"faces":{"east":{"uv":[10.125,1.5,11.0,1.75],"tintindex":0,"rotation":0,"texture":"#0"},"south":{"uv":[10.75,7.625,10.875,7.875],"tintindex":0,"rotation":0,"texture":"#0"},"north":{"uv":[2.875,10.0,3.0,10.25],"tintindex":0,"rotation":0,"texture":"#0"},"west":{"uv":[10.375,9.5,11.25,9.75],"tintindex":0,"rotation":0,"texture":"#0"},"up":{"uv":[2.625,11.625,2.5,10.75],"tintindex":0,"rotation":0,"texture":"#0"},"down":{"uv":[2.75,10.75,2.625,11.625],"tintindex":0,"rotation":0,"texture":"#0"}},"rotation":{"origin":[1.0,-27.0,8.0],"angle":-22.5,"axis":"x"}},{"from":[6.718439,5.1000185,-5.6243877],"to":[7.7144394,7.096019,2.3716123],"faces":{"east":{"uv":[8.75,7.75,9.75,8.0],"tintindex":0,"rotation":0,"texture":"#0"},"south":{"uv":[8.75,1.75,8.875,2.0],"tintindex":0,"rotation":0,"texture":"#0"},"north":{"uv":[1.5,6.75,1.625,7.0],"tintindex":0,"rotation":0,"texture":"#0"},"west":{"uv":[9.5,6.875,10.5,7.125],"tintindex":0,"rotation":0,"texture":"#0"},"up":{"uv":[4.5,11.25,4.375,10.25],"tintindex":0,"rotation":0,"texture":"#0"},"down":{"uv":[10.625,10.0,10.5,11.0],"tintindex":0,"rotation":0,"texture":"#0"}},"rotation":{"origin":[1.0,-27.0,8.0],"angle":22.5,"axis":"x"}},{"from":[6.719439,-0.97329545,5.003],"to":[7.7134395,7.7707047,10.997],"faces":{"east":{"uv":[6.75,8.875,7.5,10.0],"tintindex":0,"rotation":0,"texture":"#0"},"south":{"uv":[3.125,7.125,3.25,8.25],"tintindex":0,"rotation":0,"texture":"#0"},"north":{"uv":[3.0,7.125,3.125,8.25],"tintindex":0,"rotation":0,"texture":"#0"},"west":{"uv":[7.5,8.875,8.25,10.0],"tintindex":0,"rotation":0,"texture":"#0"},"up":{"uv":[2.5,5.0,2.375,4.25],"tintindex":0,"rotation":0,"texture":"#0"},"down":{"uv":[2.875,10.75,2.75,11.5],"tintindex":0,"rotation":0,"texture":"#0"}}}],"display":{"gui":{"rotation":[30,225,0]}}}