{"textures":{"0":"modelengine:entity/winterbeast"},"elements":[{"from":[17.912449,18.957706,12.7268],"to":[19.708849,21.654108,13.623199],"faces":{"east":{"uv":[1.0,5.5,1.125,5.875],"tintindex":0,"rotation":0,"texture":"#0"},"south":{"uv":[11.125,10.5,11.375,10.875],"tintindex":0,"rotation":0,"texture":"#0"},"north":{"uv":[10.875,9.25,11.125,9.625],"tintindex":0,"rotation":0,"texture":"#0"},"west":{"uv":[8.625,5.625,8.75,6.0],"tintindex":0,"rotation":0,"texture":"#0"},"up":{"uv":[6.125,5.125,5.875,5.0],"tintindex":0,"rotation":0,"texture":"#0"},"down":{"uv":[4.875,6.125,4.625,6.25],"tintindex":0,"rotation":0,"texture":"#0"}},"rotation":{"origin":[28.89065,3.4759064,18.35],"angle":22.5,"axis":"z"}},{"from":[12.690649,11.575907,12.5],"to":[14.490649,14.275906,14.3],"faces":{"east":{"uv":[10.5,12.125,10.75,12.5],"tintindex":0,"rotation":0,"texture":"#0"},"south":{"uv":[10.75,12.125,11.0,12.5],"tintindex":0,"rotation":0,"texture":"#0"},"north":{"uv":[10.25,12.125,10.5,12.5],"tintindex":0,"rotation":0,"texture":"#0"},"west":{"uv":[11.0,12.125,11.25,12.5],"tintindex":0,"rotation":0,"texture":"#0"},"up":{"uv":[6.5,12.625,6.25,12.375],"tintindex":0,"rotation":0,"texture":"#0"},"down":{"uv":[6.75,12.375,6.5,12.625],"tintindex":0,"rotation":0,"texture":"#0"}}},{"from":[17.912449,18.957706,2.3768],"to":[19.708849,21.654108,3.2732],"faces":{"east":{"uv":[8.75,1.625,8.875,2.0],"tintindex":0,"rotation":0,"texture":"#0"},"south":{"uv":[12.125,12.125,12.375,12.5],"tintindex":0,"rotation":0,"texture":"#0"},"north":{"uv":[11.25,12.125,11.5,12.5],"tintindex":0,"rotation":0,"texture":"#0"},"west":{"uv":[0.875,9.375,1.0,9.75],"tintindex":0,"rotation":0,"texture":"#0"},"up":{"uv":[5.125,6.25,4.875,6.125],"tintindex":0,"rotation":0,"texture":"#0"},"down":{"uv":[6.375,5.0,6.125,5.125],"tintindex":0,"rotation":0,"texture":"#0"}},"rotation":{"origin":[28.89065,3.4759064,8.0],"angle":22.5,"axis":"z"}},{"from":[26.010649,23.455908,12.725],"to":[26.910648,27.055906,13.625],"faces":{"east":{"uv":[7.75,10.75,7.875,11.25],"tintindex":0,"rotation":0,"texture":"#0"},"south":{"uv":[1.875,10.875,2.0,11.375],"tintindex":0,"rotation":0,"texture":"#0"},"north":{"uv":[1.875,10.375,2.0,10.875],"tintindex":0,"rotation":0,"texture":"#0"},"west":{"uv":[7.75,11.25,7.875,11.75],"tintindex":0,"rotation":0,"texture":"#0"},"up":{"uv":[6.875,5.125,6.75,5.0],"tintindex":0,"rotation":0,"texture":"#0"},"down":{"uv":[7.0,5.0,6.875,5.125],"tintindex":0,"rotation":0,"texture":"#0"}},"rotation":{"origin":[28.89065,3.4759064,18.35],"angle":45.0,"axis":"z"}},{"from":[15.553892,6.6938252,6.507296],"to":[16.199299,7.9872336,7.1527042],"faces":{"east":{"uv":[8.125,7.0,8.25,7.25],"tintindex":0,"rotation":0,"texture":"#0"},"south":{"uv":[12.25,9.75,12.5,10.0],"tintindex":0,"rotation":0,"texture":"#0"},"north":{"uv":[12.25,9.5,12.5,9.75],"tintindex":0,"rotation":0,"texture":"#0"},"west":{"uv":[8.875,8.25,9.0,8.5],"tintindex":0,"rotation":0,"texture":"#0"},"up":{"uv":[2.75,1.375,2.5,1.25],"tintindex":0,"rotation":0,"texture":"#0"},"down":{"uv":[1.375,4.0,1.125,4.125],"tintindex":0,"rotation":0,"texture":"#0"}}},{"from":[15.553892,6.6938252,9.657295],"to":[16.199299,7.9872336,10.302704],"faces":{"east":{"uv":[8.125,7.0,8.25,7.25],"tintindex":0,"rotation":0,"texture":"#0"},"south":{"uv":[12.25,9.75,12.5,10.0],"tintindex":0,"rotation":0,"texture":"#0"},"north":{"uv":[12.25,9.5,12.5,9.75],"tintindex":0,"rotation":0,"texture":"#0"},"west":{"uv":[8.875,8.25,9.0,8.5],"tintindex":0,"rotation":0,"texture":"#0"},"up":{"uv":[2.75,1.375,2.5,1.25],"tintindex":0,"rotation":0,"texture":"#0"},"down":{"uv":[1.375,4.0,1.125,4.125],"tintindex":0,"rotation":0,"texture":"#0"}}},{"from":[15.553892,6.6938252,8.307296],"to":[16.199299,7.9872336,8.952703],"faces":{"east":{"uv":[8.125,7.0,8.25,7.25],"tintindex":0,"rotation":0,"texture":"#0"},"south":{"uv":[12.25,9.75,12.5,10.0],"tintindex":0,"rotation":0,"texture":"#0"},"north":{"uv":[12.25,9.5,12.5,9.75],"tintindex":0,"rotation":0,"texture":"#0"},"west":{"uv":[8.875,8.25,9.0,8.5],"tintindex":0,"rotation":0,"texture":"#0"},"up":{"uv":[2.75,1.375,2.5,1.25],"tintindex":0,"rotation":0,"texture":"#0"},"down":{"uv":[1.375,4.0,1.125,4.125],"tintindex":0,"rotation":0,"texture":"#0"}}},{"from":[15.553892,6.6938252,5.157296],"to":[16.199299,7.9872336,5.802704],"faces":{"east":{"uv":[8.125,7.0,8.25,7.25],"tintindex":0,"rotation":0,"texture":"#0"},"south":{"uv":[12.25,9.75,12.5,10.0],"tintindex":0,"rotation":0,"texture":"#0"},"north":{"uv":[12.25,9.5,12.5,9.75],"tintindex":0,"rotation":0,"texture":"#0"},"west":{"uv":[8.875,8.25,9.0,8.5],"tintindex":0,"rotation":0,"texture":"#0"},"up":{"uv":[2.75,1.375,2.5,1.25],"tintindex":0,"rotation":0,"texture":"#0"},"down":{"uv":[1.375,4.0,1.125,4.125],"tintindex":0,"rotation":0,"texture":"#0"}}},{"from":[11.727052,14.792067,5.3],"to":[11.727052,16.592066,10.7],"faces":{"east":{"uv":[9.0,8.75,9.75,9.0],"tintindex":0,"rotation":0,"texture":"#0"},"west":{"uv":[9.75,8.75,9.0,9.0],"tintindex":0,"rotation":0,"texture":"#0"}}},{"from":[26.010649,23.455908,2.375],"to":[26.910648,27.055906,3.275],"faces":{"east":{"uv":[6.375,8.875,6.5,9.375],"tintindex":0,"rotation":0,"texture":"#0"},"south":{"uv":[6.375,9.375,6.5,9.875],"tintindex":0,"rotation":0,"texture":"#0"},"north":{"uv":[0.875,8.875,1.0,9.375],"tintindex":0,"rotation":0,"texture":"#0"},"west":{"uv":[9.875,0.0,10.0,0.5],"tintindex":0,"rotation":0,"texture":"#0"},"up":{"uv":[6.625,5.125,6.5,5.0],"tintindex":0,"rotation":0,"texture":"#0"},"down":{"uv":[6.75,5.0,6.625,5.125],"tintindex":0,"rotation":0,"texture":"#0"}},"rotation":{"origin":[28.89065,3.4759064,8.0],"angle":45.0,"axis":"z"}},{"from":[13.303893,6.6938252,4.257296],"to":[13.9493,7.9872336,4.9027042],"faces":{"east":{"uv":[8.125,7.0,8.25,7.25],"tintindex":0,"rotation":0,"texture":"#0"},"south":{"uv":[12.25,9.75,12.5,10.0],"tintindex":0,"rotation":0,"texture":"#0"},"north":{"uv":[12.25,9.5,12.5,9.75],"tintindex":0,"rotation":0,"texture":"#0"},"west":{"uv":[8.875,8.25,9.0,8.5],"tintindex":0,"rotation":0,"texture":"#0"},"up":{"uv":[2.75,1.375,2.5,1.25],"tintindex":0,"rotation":0,"texture":"#0"},"down":{"uv":[1.375,4.0,1.125,4.125],"tintindex":0,"rotation":0,"texture":"#0"}}},{"from":[8.127051,4.892067,3.5],"to":[11.727052,7.592066,12.5],"faces":{"east":{"uv":[10.75,7.375,12.0,7.75],"tintindex":0,"rotation":0,"texture":"#0"},"south":{"uv":[12.0,7.25,12.5,7.625],"tintindex":0,"rotation":0,"texture":"#0"},"north":{"uv":[12.0,6.875,12.5,7.25],"tintindex":0,"rotation":0,"texture":"#0"},"west":{"uv":[2.25,10.875,3.5,11.25],"tintindex":0,"rotation":0,"texture":"#0"},"up":{"uv":[2.625,5.375,2.125,4.125],"tintindex":0,"rotation":0,"texture":"#0"},"down":{"uv":[10.25,9.875,9.75,11.125],"tintindex":0,"rotation":0,"texture":"#0"}}},{"from":[20.72705,9.392067,7.1],"to":[22.527052,11.192066,8.9],"faces":{"east":{"uv":[7.5,12.375,7.75,12.625],"tintindex":0,"rotation":0,"texture":"#0"},"south":{"uv":[7.75,12.375,8.0,12.625],"tintindex":0,"rotation":0,"texture":"#0"},"north":{"uv":[7.25,12.375,7.5,12.625],"tintindex":0,"rotation":0,"texture":"#0"},"west":{"uv":[8.0,12.375,8.25,12.625],"tintindex":0,"rotation":0,"texture":"#0"},"up":{"uv":[8.5,12.625,8.25,12.375],"tintindex":0,"rotation":0,"texture":"#0"},"down":{"uv":[8.75,12.375,8.5,12.625],"tintindex":0,"rotation":0,"texture":"#0"}},"rotation":{"origin":[20.72705,-5.0079336,8.0],"angle":22.5,"axis":"z"}},{"from":[16.22705,9.392067,17.0],"to":[17.127052,12.992067,19.7],"faces":{"east":{"uv":[7.5,11.875,7.875,12.375],"tintindex":0,"rotation":0,"texture":"#0"},"south":{"uv":[7.125,12.375,7.25,12.875],"tintindex":0,"rotation":0,"texture":"#0"},"north":{"uv":[7.0,12.375,7.125,12.875],"tintindex":0,"rotation":0,"texture":"#0"},"west":{"uv":[9.875,11.875,10.25,12.375],"tintindex":0,"rotation":0,"texture":"#0"},"up":{"uv":[9.0,11.375,8.875,11.0],"tintindex":0,"rotation":0,"texture":"#0"},"down":{"uv":[11.5,10.5,11.375,10.875],"tintindex":0,"rotation":0,"texture":"#0"}},"rotation":{"origin":[20.72705,-5.0079336,8.0],"angle":-45.0,