{"textures":{"0":"modelengine:entity/winterbeast"},"elements":[{"from":[3.8617315,-5.5882683,5.3],"to":[10.161732,0.7117319,11.6],"faces":{"east":{"uv":[8.25,7.0,9.125,7.875],"tintindex":0,"rotation":0,"texture":"#0"},"south":{"uv":[8.5,3.0,9.375,3.875],"tintindex":0,"rotation":0,"texture":"#0"},"north":{"uv":[1.25,5.875,2.125,6.75],"tintindex":0,"rotation":0,"texture":"#0"},"west":{"uv":[8.75,5.625,9.625,6.5],"tintindex":0,"rotation":0,"texture":"#0"},"up":{"uv":[0.875,9.75,0.0,8.875],"tintindex":0,"rotation":0,"texture":"#0"},"down":{"uv":[6.125,8.875,5.25,9.75],"tintindex":0,"rotation":0,"texture":"#0"}}},{"from":[4.3117313,0.7117319,5.3],"to":[9.711731,4.3117323,10.700001],"faces":{"east":{"uv":[11.375,4.0,12.125,4.5],"tintindex":0,"rotation":0,"texture":"#0"},"south":{"uv":[11.5,11.5,12.25,12.0],"tintindex":0,"rotation":0,"texture":"#0"},"north":{"uv":[8.875,11.375,9.625,11.875],"tintindex":0,"rotation":0,"texture":"#0"},"west":{"uv":[11.5,5.25,12.25,5.75],"tintindex":0,"rotation":0,"texture":"#0"},"up":{"uv":[3.75,10.875,3.0,10.125],"tintindex":0,"rotation":0,"texture":"#0"},"down":{"uv":[10.875,5.625,10.125,6.375],"tintindex":0,"rotation":0,"texture":"#0"}}},{"from":[6.1117315,0.7117319,4.4000006],"to":[6.1117315,4.3117323,5.3],"faces":{"east":{"uv":[8.75,12.375,8.875,12.875],"tintindex":0,"rotation":0,"texture":"#0"},"west":{"uv":[8.875,12.375,8.75,12.875],"tintindex":0,"rotation":0,"texture":"#0"}}},{"from":[5.2135315,4.3135314,5.3018003],"to":[9.709931,9.709932,9.798201],"faces":{"east":{"uv":[1.0,11.0,1.625,11.75],"tintindex":0,"rotation":0,"texture":"#0"},"south":{"uv":[3.5,11.0,4.125,11.75],"tintindex":0,"rotation":0,"texture":"#0"},"north":{"uv":[10.875,8.5,11.5,9.25],"tintindex":0,"rotation":0,"texture":"#0"},"west":{"uv":[4.125,11.0,4.75,11.75],"tintindex":0,"rotation":0,"texture":"#0"},"up":{"uv":[3.5,11.875,2.875,11.25],"tintindex":0,"rotation":0,"texture":"#0"},"down":{"uv":[11.875,0.0,11.25,0.625],"tintindex":0,"rotation":0,"texture":"#0"}}}],"display":{"gui":{"rotation":[30,225,0]}}}