{"textures":{"0":"modelengine:entity/winterbeast"},"elements":[{"from":[5.091154,0.2617321,4.3999996],"to":[10.491155,3.8617315,9.799999],"faces":{"east":{"uv":[12.125,4.0,11.375,4.5],"tintindex":0,"rotation":0,"texture":"#0"},"south":{"uv":[9.625,11.375,8.875,11.875],"tintindex":0,"rotation":0,"texture":"#0"},"north":{"uv":[12.25,11.5,11.5,12.0],"tintindex":0,"rotation":0,"texture":"#0"},"west":{"uv":[12.25,5.25,11.5,5.75],"tintindex":0,"rotation":0,"texture":"#0"},"up":{"uv":[10.5,5.625,9.75,4.875],"tintindex":0,"rotation":0,"texture":"#0"},"down":{"uv":[3.0,10.125,2.25,10.875],"tintindex":0,"rotation":0,"texture":"#0"}}},{"from":[4.6411543,-6.038268,3.499999],"to":[10.9411545,0.2617321,9.799999],"faces":{"east":{"uv":[9.125,7.0,8.25,7.875],"tintindex":0,"rotation":0,"texture":"#0"},"south":{"uv":[2.125,5.875,1.25,6.75],"tintindex":0,"rotation":0,"texture":"#0"},"north":{"uv":[9.375,3.0,8.5,3.875],"tintindex":0,"rotation":0,"texture":"#0"},"west":{"uv":[9.625,5.5625,8.75,6.4375],"tintindex":0,"rotation":0,"texture":"#0"},"up":{"uv":[9.875,0.875,9.0,0.0],"tintindex":0,"rotation":0,"texture":"#0"},"down":{"uv":[6.125,9.75,5.25,8.875],"tintindex":0,"rotation":0,"texture":"#0"}}},{"from":[7.011731,-0.18826866,9.799999],"to":[7.011731,3.4117317,10.699999],"faces":{"east":{"uv":[8.75,12.875,8.875,12.375],"tintindex":0,"rotation":0,"texture":"#0"},"west":{"uv":[8.875,12.875,8.75,12.375],"tintindex":0,"rotation":0,"texture":"#0"}}},{"from":[5.9929547,3.8635316,5.3017993],"to":[10.489355,9.259932,9.798201],"faces":{"east":{"uv":[1.625,11.0,1.0,11.75],"tintindex":0,"rotation":0,"texture":"#0"},"south":{"uv":[11.5,8.5,10.875,9.25],"tintindex":0,"rotation":0,"texture":"#0"},"north":{"uv":[4.125,11.0,3.5,11.75],"tintindex":0,"rotation":0,"texture":"#0"},"west":{"uv":[4.75,11.0,4.125,11.75],"tintindex":0,"rotation":0,"texture":"#0"},"up":{"uv":[11.75,10.5,11.125,9.875],"tintindex":0,"rotation":0,"texture":"#0"},"down":{"uv":[2.875,11.25,2.25,11.875],"tintindex":0,"rotation":0,"texture":"#0"}}}],"display":{"gui":{"rotation":[30,225,0]}}}